{
  "alphabet_size": 0.0,
  "conditional_entropy_by_k": 0.09606440066112303,
  "exact_ngram_counts_by_n": 0.9571538978044659,
  "isomorph_counts_by_window": 0.17573000989253876,
  "mutual_info_by_lag": 0.28604171907816145,
  "num_messages": 0.0,
  "repeat_rate_by_lag": 0.005637418885350989,
  "self_follow_rate": 0.012658227848101266,
  "shared_exact_ngram_counts_by_n": 0.6666666666666666,
  "shared_isomorph_counts_by_window": 1.0,
  "total_length": 0.0,
  "total_weighted": 5.118453760610751,
  "unigram_entropy": 0.07849156150406245
}